#,Event,Date,Venue,City,State/Province,Country,Attendance,
1,UFC 1: The Beginning,11/12/1993,McNichols Sports Arena,Denver, Colorado, U.S.,7800,
2,UFC 2: No Way Out,3/11/1994,Mammoth Gardens,Denver, Colorado, U.S.,2000,
3,UFC 3: The American Dream,9/9/1994,Grady Cole Center,Charlotte, North Carolina, U.S.,N/A,
4,UFC 4: Revenge of the Warriors,12/16/1994,Expo Square Pavilion,Tulsa, Oklahoma, U.S.,5857,
5,UFC 5: The Return of the Beast,4/7/1995,Independence Arena,Charlotte, North Carolina, U.S.,6000,
6,UFC 6: Clash of the Titans,7/14/1995,Casper Events Center,Casper, Wyoming, U.S.,2700,
7,UFC 7: The Brawl in Buffalo,9/8/1995,Buffalo Memorial Auditorium,Buffalo, New York, U.S.,9000,
8,UFC: The Ultimate Ultimate,12/16/1995,Mammoth Gardens,Denver, Colorado, U.S.,2800,
9,UFC 8: David vs. Goliath,2/16/1996,Coliseo Rubén Rodríguez,Bayamón,N/A, Puerto Rico,13000,
10,UFC 9: Motor City Madness,5/17/1996,Cobo Arena,Detroit, Michigan, U.S.,10000,
11,UFC 10: The Tournament,7/12/1996,Fair Park Arena,Birmingham, Alabama, U.S.,4300,
12,UFC 11: The Proving Ground,9/20/1996,Augusta Civic Center,Augusta, Georgia, U.S.,4500,
13,UFC: The Ultimate Ultimate 2,12/7/1996,Fair Park Arena,Birmingham, Alabama, U.S.,6000,
14,UFC 12: Judgement Day,2/7/1997,Dothan Civic Center,Dothan, Alabama, U.S.,3100,
15,UFC 13: The Ultimate Force,5/30/1997,Augusta Civic Center,Augusta, Georgia, U.S.,5100,
16,UFC 14: Showdown,7/27/1997,Boutwell Memorial Auditorium,Birmingham, Alabama, U.S.,5000,
17,UFC 15: Collision Course,10/17/1997,Casino Magic Bay St. Louis,Bay St. Louis, Mississippi, U.S.,N/A,
18,UFC Japan: Ultimate Japan,12/21/1997,Yokohama Arena,Yokohama,N/A, Japan,5000,
19,UFC 16: Battle in the Bayou,3/13/1998,Pontchartrain Center,New Orleans, Louisiana, U.S.,4600,
20,UFC 17: Redemption,5/15/1998,Mobile Civic Center,Mobile, Alabama, U.S.,N/A,
21,UFC Brazil: Ultimate Brazil,10/16/1998,Ginásio da Portuguesa,São Paulo,N/A, Brazil,N/A,
22,UFC 18: The Road to the Heavyweight Title,1/8/1999,Pontchartrain Center,New Orleans, Louisiana, U.S.,N/A,
23,UFC 19: Ultimate Young Guns,3/5/1999,Casino Magic Bay St. Louis,Bay St. Louis, Mississippi, U.S.,N/A,
24,UFC 20: Battle for the Gold,5/7/1999,Boutwell Memorial Auditorium,Birmingham, Alabama, U.S.,N/A,
25,UFC 21: Return of the Champions,7/16/1999,Five Seasons Events Center,Cedar Rapids, Iowa, U.S.,N/A,
26,UFC 22: Only One Can be Champion,9/24/1999,Lake Charles Civic Center,Lake Charles, Louisiana, U.S.,N/A,
27,UFC 23: Ultimate Japan 2,11/19/1999,Tokyo Bay NK Hall,Chiba,N/A, Japan,N/A,
28,UFC 24: First Defense,3/10/2000,Lake Charles Civic Center,Lake Charles, Louisiana, U.S.,N/A,
29,UFC 25: Ultimate Japan 3,4/14/2000,Yoyogi National Gymnasium,Tokyo,N/A, Japan,N/A,
30,UFC 26: Ultimate Field of Dreams,6/9/2000,Five Seasons Events Center,Cedar Rapids, Iowa, U.S.,1100,
31,UFC 27: Ultimate Bad Boyz,9/22/2000,Lakefront Arena,New Orleans, Louisiana, U.S.,N/A,
32,UFC 28: High Stakes,11/17/2000,Trump Taj Mahal,Atlantic City, New Jersey, U.S.,N/A,
33,UFC 29: Defense of the Belts,12/16/2000,Differ Ariake Arena,Tokyo,N/A, Japan,1414,
34,UFC 30: Battle on the Boardwalk,2/23/2001,Trump Taj Mahal,Atlantic City, New Jersey, U.S.,3000,
35,UFC 31: Locked and Loaded,5/4/2001,Trump Taj Mahal,Atlantic City, New Jersey, U.S.,N/A,
36,UFC 32: Showdown in the Meadowlands,6/29/2001,Continental Airlines Arena,East Rutherford, New Jersey, U.S.,12500,
37,UFC 33: Victory in Vegas,9/28/2001,Mandalay Bay Events Center,Las Vegas, Nevada, U.S.,9500,
38,UFC 34: High Voltage,11/2/2001,MGM Grand Garden Arena,Las Vegas, Nevada, U.S.,9000,
39,UFC 35: Throwdown,1/11/2002,Mohegan Sun Arena,Uncasville, Connecticut, U.S.,9600,
40,UFC 36: Worlds Collide,3/22/2002,MGM Grand Garden Arena,Las Vegas, Nevada, U.S.,10000,
41,UFC 37: High Impact,5/10/2002,CenturyTel Center,Bossier City, Louisiana, U.S.,7200,
42,UFC 37.5: As Real As It Gets,6/22/2002,Bellagio,Las Vegas, Nevada, U.S.,3700,
43,UFC 38: Brawl at the Hall,7/13/2002,Royal Albert Hall,London, England, U.K.,5000,
44,UFC 39: The Warriors Return,9/27/2002,Mohegan Sun Arena,Uncasville, Connecticut, U.S.,7800,
45,UFC 40: Vendetta,11/22/2002,MGM Grand Garden Arena,Las Vegas, Nevada, U.S.,13770,
46,UFC 41: Onslaught,2/28/2003,Boardwalk Hall,Atlantic City, New Jersey, U.S.,11707,
47,UFC 42: Sudden Impact,4/25/2003,AmericanAirlines Arena,Miami, Florida, U.S.,7500,
48,UFC 43: Meltdown,6/6/2003,Thomas & Mack Center,Las Vegas, Nevada, U.S.,9800,
49,UFC 44: Undisputed,9/26/2003,Mandalay Bay Events Center,Las Vegas, Nevada, U.S.,10400,
50,UFC 45: Revolution,11/21/2003,Mohegan Sun Arena,Uncasville, Connecticut, U.S.,9200,
51,UFC 46: Supernatural,1/31/2004,Mandalay Bay Events Center,Las Vegas, Nevada, U.S.,10700,
52,UFC 47: It's On!,4/2/2004,Mandalay Bay Events Center,Las Vegas, Nevada, U.S.,11437,
53,UFC 48: Payback,6/19/2004,Mandalay Bay Events Center,Las Vegas, Nevada, U.S.,10000,
54,UFC 49: Unfinished Business,8/21/2004,MGM Grand Garden Arena,Las Vegas, Nevada, U.S.,12100,
55,UFC 50: The War of '04,10/22/2004,Boardwalk Hall,Atlantic City, New Jersey, U.S.,9000,
56,UFC 51: Super Saturday,2/5/2005,Mandalay Bay Events Center,Las Vegas, Nevada, U.S.,11072,
57,The Ultimate Fighter: Team Couture vs. Team Liddell Finale,4/9/2005,Cox Pavilion,Las Vegas, Nevada, U.S.,N/A,
58,UFC 52: Couture vs. Liddell,4/16/2005,MGM Grand Garden Arena,Las Vegas, Nevada, U.S.,14562,
59,UFC 53: Heavy Hitters,6/4/2005,Boardwalk Hall,Atlantic City, New Jersey, U.S.,12000,
60,UFC Fight Night,8/6/2005,Cox Pavilion,Las Vegas, Nevada, U.S.,N/A,
61,UFC 54: Boiling Point,8/20/2005,MGM Grand Garden Arena,Las Vegas, Nevada, U.S.,13520,
62,UFC Fight Night 2,10/3/2005,Hard Rock Hotel and Casino,Las Vegas, Nevada, U.S.,N/A,
63,UFC 55: Fury,10/7/2005,Mohegan Sun Arena,Uncasville, Connecticut, U.S.,8000,
64,The Ultimate Fighter: Team Hughes vs. Team Franklin Finale,11/5/2005,Hard Rock Hotel and Casino,Las Vegas, Nevada, U.S.,N/A,
65,UFC 56: Full Force,11/19/2005,MGM Grand Garden Arena,Las Vegas, Nevada, U.S.,12000,
66,UFC Fight Night 3,1/16/2006,Hard Rock Hotel and Casino,Las Vegas, Nevada, U.S.,1008,
67,UFC 57: Liddell vs. Couture 3,2/4/2006,Mandalay Bay Events Center,Las Vegas, Nevada, U.S.,10659,
68,UFC 58: USA vs. Canada,3/4/2006,Mandalay Bay Events Center,Las Vegas, Nevada, U.S.,9569,
69,UFC Fight Night 4,4/6/2006,Hard Rock Hotel and Casino,Las Vegas, Nevada, U.S.,843 ,
70,UFC 59: Reality Check,4/15/2006,Arrowhead Pond of Anaheim,Anaheim, California, U.S.,13814,
71,UFC 60: Hughes vs. Gracie,5/27/2006,Staples Center,Los Angeles, California, U.S.,14765,
72,The Ultimate Fighter: Team Ortiz vs. Team Shamrock Finale,6/24/2006,Hard Rock Hotel and Casino,Las Vegas, Nevada, U.S.,849 ,
73,UFC Fight Night 5,6/28/2006,Hard Rock Hotel and Casino,Las Vegas, Nevada, U.S.,606 ,
74,UFC 61: Bitter Rivals,7/8/2006,Mandalay Bay Events Center,Las Vegas, Nevada, U.S.,11167,
75,UFC Fight Night 6,8/17/2006,Red Rock Resort Spa and Casino,Las Vegas, Nevada, U.S.,1412,
76,UFC 62: Liddell vs. Sobral,8/26/2006,Mandalay Bay Events Center,Las Vegas, Nevada, U.S.,10503,
77,UFC 63: Hughes vs. Penn,9/23/2006,Arrowhead Pond of Anaheim,Anaheim, California, U.S.,12604,
78,UFC: Ortiz vs. Shamrock 3: The Final Chapter,10/10/2006,Seminole Hard Rock Hotel and Casino,Hollywood, Florida, U.S.,3510,
79,UFC 64: Unstoppable,10/14/2006,Mandalay Bay Events Center,Las Vegas, Nevada, U.S.,10173,
80,The Ultimate Fighter: The Comeback Finale,11/11/2006,Hard Rock Hotel and Casino,Las Vegas, Nevada, U.S.,1000,
81,UFC 65: Bad Intentions,11/18/2006,ARCO Arena,Sacramento, California, U.S.,14666,
82,UFC Fight Night: Sanchez vs. Riggs,12/13/2006,Marine Corps Air Station Miramar,San Diego, California, U.S.,3000,
83,UFC 66: Liddell vs. Ortiz,12/30/2006,MGM Grand Garden Arena,Las Vegas, Nevada, U.S.,13671,
84,UFC Fight Night: Evans vs. Salmon,1/25/2007,Seminole Hard Rock Hotel and Casino,Hollywood, Florida, U.S.,5287,
85,UFC 67: All or Nothing,2/3/2007,Mandalay Bay Events Center,Las Vegas, Nevada, U.S.,10787,
86,UFC 68: The Uprising,3/3/2007,Nationwide Arena,Columbus, Ohio, U.S.,19079,
87,UFC Fight Night: Stevenson vs. Guillard,4/5/2007,Palms Casino Resort,Las Vegas, Nevada, U.S.,1734,
88,UFC 69: Shootout,4/7/2007,Toyota Center,Houston, Texas, U.S.,15269,
89,UFC 70: Nations Collide,4/21/2007,Manchester Evening News Arena,Manchester, England, U.K.,15114,
90,UFC 71: Liddell vs. Jackson,5/26/2007,MGM Grand Garden Arena,Las Vegas, Nevada, U.S.,14728,
91,UFC Fight Night: Stout vs. Fisher,6/12/2007,Seminole Hard Rock Hotel and Casino,Hollywood, Florida, U.S.,N/A,
92,UFC 72: Victory,6/16/2007,The Odyssey,Belfast, Northern Ireland, U.K.,7850,
93,The Ultimate Fighter: Team Pulver vs. Team Penn Finale,6/23/2007,Palms Casino Resort,Las Vegas, Nevada, U.S.,N/A,
94,UFC 73: Stacked,7/7/2007,ARCO Arena,Sacramento, California, U.S.,13183,
95,UFC 74: Respect,8/25/2007,Mandalay Bay Events Center,Las Vegas, Nevada, U.S.,11065,
96,UFC 75: Champion vs. Champion,9/8/2007,The O2 arena,London, England, U.K.,16235,
97,UFC Fight Night: Thomas vs. Florian,9/19/2007,Palms Casino Resort,Las Vegas, Nevada, U.S.,N/A,
98,UFC 76: Knockout,9/22/2007,Honda Center,Anaheim, California, U.S.,13770,
99,UFC 77: Hostile Territory,10/20/2007,U.S. Bank Arena,Cincinnati, Ohio, U.S.,16054,
100,UFC 78: Validation,11/17/2007,Prudential Center,Newark, New Jersey, U.S.,14071,
101,The Ultimate Fighter: Team Hughes vs. Team Serra Finale,12/8/2007,Palms Casino Resort,Las Vegas, Nevada, U.S.,N/A,
102,UFC 79: Nemesis,12/29/2007,Mandalay Bay Events Center,Las Vegas, Nevada, U.S.,11075,
103,UFC 80: Rapid Fire,1/19/2008,Metro Radio Arena,Newcastle upon Tyne, England, U.K.,8412,
104,UFC Fight Night: Swick vs. Burkman,1/23/2008,Palms Casino Resort,Las Vegas, Nevada, U.S.,1900,
105,UFC 81: Breaking Point,2/2/2008,Mandalay Bay Events Center,Las Vegas, Nevada, U.S.,10583,
106,UFC 82: Pride of a Champion,3/1/2008,Nationwide Arena,Columbus, Ohio, U.S.,16431,
107,UFC Fight Night: Florian vs. Lauzon,4/2/2008,Broomfield Event Center,Broomfield, Colorado, U.S.,6742,
108,UFC 83: Serra vs. St-Pierre 2,4/19/2008,Bell Centre,Montreal, Quebec, Canada,21390,
109,UFC 84: Ill Will,5/24/2008,MGM Grand Garden Arena,Las Vegas, Nevada, U.S.,14773,
110,UFC 85: Bedlam,6/7/2008,The O2 arena,London, England, U.K.,15327,
111,The Ultimate Fighter: Team Rampage vs. Team Forrest Finale,6/21/2008,Palms Casino Resort,Las Vegas, Nevada, U.S.,1853,
112,UFC 86: Jackson vs. Griffin,7/5/2008,Mandalay Bay Events Center,Las Vegas, Nevada, U.S.,10990,
113,UFC Fight Night: Silva vs. Irvin,7/19/2008,Palms Casino Resort,Las Vegas, Nevada, U.S.,2071,
114,UFC 87: Seek and Destroy,8/9/2008,Target Center,Minneapolis, Minnesota, U.S.,15087,
115,UFC 88: Breakthrough,9/6/2008,Philips Arena,Atlanta, Georgia, U.S.,14736,
116,UFC Fight Night: Diaz vs. Neer,9/17/2008,Omaha Civic Auditorium,Omaha, Nebraska, U.S.,9103,
117,UFC 89: Bisping vs. Leben,10/18/2008,National Indoor Arena,Birmingham, England, U.K.,9515,
118,UFC 90: Silva vs. Côté,10/25/2008,Allstate Arena,Rosemont, Illinois, U.S.,15359,
119,UFC 91: Couture vs. Lesnar,11/15/2008,MGM Grand Garden Arena,Las Vegas, Nevada, U.S.,14272,
120,UFC: Fight for the Troops,12/10/2008,Crown Coliseum,Fayetteville, North Carolina, U.S.,8500,
121,The Ultimate Fighter: Team Nogueira vs. Team Mir Finale,12/13/2008,Palms Casino Resort,Las Vegas, Nevada, U.S.,1853,
122,UFC 92: The Ultimate 2008,12/27/2008,MGM Grand Garden Arena,Las Vegas, Nevada, U.S.,14166,
123,UFC 93: Franklin vs. Henderson,1/17/2009,The O2,Dublin,N/A, Ireland,9369,
124,UFC 94: St-Pierre vs. Penn 2,1/31/2009,MGM Grand Garden Arena,Las Vegas, Nevada, U.S.,14885,
125,UFC Fight Night: Lauzon vs. Stephens,2/7/2009,USF Sun Dome,Tampa, Florida, U.S.,7596,
126,UFC 95: Sanchez vs. Stevenson,2/21/2009,The O2 arena,London, England, U.K.,13268,
127,UFC 96: Jackson vs. Jardine,3/7/2009,Nationwide Arena,Columbus, Ohio, U.S.,17033,
128,UFC Fight Night: Condit vs. Kampmann,4/1/2009,Sommet Center,Nashville, Tennessee, U.S.,10267,
129,UFC 97: Redemption,4/18/2009,Bell Centre,Montreal, Quebec, Canada,21451,
130,UFC 98: Evans vs. Machida,5/23/2009,MGM Grand Garden Arena,Las Vegas, Nevada, U.S.,12606,
131,UFC 99: The Comeback,6/13/2009,Lanxess Arena,Cologne,N/A, Germany,12854,
132,The Ultimate Fighter: United States vs. United Kingdom Finale,6/20/2009,Palms Casino Resort,Las Vegas, Nevada, U.S.,2217,
133,UFC 100,7/11/2009,Mandalay Bay Events Center,Las Vegas, Nevada, U.S.,10871,
134,UFC 101: Declaration,8/8/2009,Wachovia Center,Philadelphia, Pennsylvania, U.S.,17411,
135,UFC 102: Couture vs. Nogueira,8/29/2009,Rose Garden,Portland, Oregon, U.S.,16088,
136,UFC Fight Night: Diaz vs. Guillard,9/16/2009,Cox Convention Center,Oklahoma City, Oklahoma, U.S.,9490,
137,UFC 103: Franklin vs. Belfort,9/19/2009,American Airlines Center,Dallas, Texas, U.S.,17428,
138,UFC 104: Machida vs. Shogun,10/24/2009,Staples Center,Los Angeles, California, U.S.,14892,
139,UFC 105: Couture vs. Vera,11/14/2009,Manchester Evening News Arena,Manchester, England, U.K.,16693,
140,UFC 106: Ortiz vs. Griffin 2,11/21/2009,Mandalay Bay Events Center,Las Vegas, Nevada, U.S.,10529,
141,The Ultimate Fighter: Heavyweights Finale,12/5/2009,Palms Casino Resort,Las Vegas, Nevada, U.S.,1791,
142,UFC 107: Penn vs. Sanchez,12/12/2009,FedExForum,Memphis, Tennessee, U.S.,13896,
143,UFC 108: Evans vs. Silva,1/2/2010,MGM Grand Garden Arena,Las Vegas, Nevada, U.S.,13529,
144,UFC Fight Night: Maynard vs. Diaz,1/11/2010,Patriot Center,Fairfax, Virginia, U.S.,8078,
145,UFC 109: Relentless,2/6/2010,Mandalay Bay Events Center,Las Vegas, Nevada, U.S.,10753,
146,UFC 110: Nogueira vs. Velasquez,2/21/2010,Acer Arena,Sydney,N/A, Australia,17831,
147,UFC Live: Vera vs. Jones,3/21/2010,1stBank Center,Broomfield, Colorado, U.S.,6443,
148,UFC 111: St-Pierre vs. Hardy,3/27/2010,Prudential Center,Newark, New Jersey, U.S.,17000,
149,UFC Fight Night: Florian vs. Gomi,3/31/2010,Bojangles Coliseum,Charlotte, North Carolina, U.S.,7700,
150,UFC 112: Invincible,4/10/2010,Yas Island,Abu Dhabi,N/A, United Arab Emirates,11008,
151,UFC 113: Machida vs. Shogun 2,5/8/2010,Bell Centre,Montreal, Quebec, Canada,17647,
152,UFC 114: Rampage vs. Evans,5/29/2010,MGM Grand Garden Arena,Las Vegas, Nevada, U.S.,14996,
153,UFC 115: Liddell vs. Franklin,6/12/2010,General Motors Place,Vancouver, British Columbia, Canada,17669,
154,The Ultimate Fighter: Team Liddell vs. Team Ortiz Finale,6/19/2010,Palms Casino Resort,Las Vegas, Nevada, U.S.,1708,
155,UFC 116: Lesnar vs. Carwin,7/3/2010,MGM Grand Garden Arena,Las Vegas, Nevada, U.S.,12740,
156,UFC Live: Jones vs. Matyushenko,8/1/2010,San Diego Sports Arena,San Diego, California, U.S.,8132,
157,UFC 117: Silva vs. Sonnen,8/7/2010,Oracle Arena,Oakland, California, U.S.,12971,
158,UFC 118: Edgar vs. Penn 2,8/28/2010,TD Garden,Boston, Massachusetts, U.S.,14168,
159,UFC Fight Night: Marquardt vs. Palhares,9/15/2010,Frank Erwin Center,Austin, Texas, U.S.,7724,
160,UFC 119: Mir vs. Cro Cop,9/25/2010,Conseco Fieldhouse,Indianapolis, Indiana, U.S.,15811,
161,UFC 120: Bisping vs. Akiyama,10/16/2010,The O2 arena,London, England, U.K.,17133,
162,UFC 121: Lesnar vs. Velasquez,10/23/2010,Honda Center,Anaheim, California, U.S.,14856,
163,UFC 122: Marquardt vs. Okami,11/13/2010,König Pilsener Arena,Oberhausen,N/A, Germany,8421,
164,UFC 123: Rampage vs. Machida,11/20/2010,The Palace of Auburn Hills,Auburn Hills, Michigan, U.S.,16404,
165,The Ultimate Fighter: Team GSP vs. Team Koscheck Finale,12/4/2010,Palms Casino Resort,Las Vegas, Nevada, U.S.,1903,
166,UFC 124: St-Pierre vs. Koscheck 2,12/11/2010,Bell Centre,Montreal, Quebec, Canada,23152,
167,UFC 125: Resolution,1/1/2011,MGM Grand Garden Arena,Las Vegas, Nevada, U.S.,12874,
168,UFC: Fight for the Troops 2,1/22/2011,Fort Hood,Fort Hood, Texas, U.S.,3200,
169,UFC 126: Silva vs. Belfort,2/5/2011,Mandalay Bay Events Center,Las Vegas, Nevada, U.S.,10893,
170,UFC 127: Penn vs. Fitch,2/27/2011,Acer Arena,Sydney,N/A, Australia,18186,
171,UFC Live: Sanchez vs. Kampmann,3/3/2011,KFC Yum! Center,Louisville, Kentucky, U.S.,8319,
172,UFC 128: Shogun vs. Jones,3/19/2011,Prudential Center,Newark, New Jersey, U.S.,12619,
173,UFC Fight Night: Nogueira vs. Davis,3/26/2011,KeyArena,Seattle, Washington, U.S.,13741,
174,UFC 129: St-Pierre vs. Shields,4/30/2011,Rogers Centre,Toronto, Ontario, Canada,55724,
175,UFC 130: Rampage vs. Hamill,5/28/2011,MGM Grand Garden Arena,Las Vegas, Nevada, U.S.,12753,
176,The Ultimate Fighter: Team Lesnar vs. Team dos Santos Finale,6/4/2011,Palms Casino Resort,Las Vegas, Nevada, U.S.,2053,
177,UFC 131: dos Santos vs. Carwin,6/11/2011,Rogers Arena,Vancouver, British Columbia, Canada,14685,
178,UFC Live: Kongo vs. Barry,6/26/2011,Consol Energy Center,Pittsburgh, Pennsylvania, U.S.,7792,
179,UFC 132: Cruz vs. Faber,7/2/2011,MGM Grand Garden Arena,Las Vegas, Nevada, U.S.,13109,
180,UFC 133: Evans vs. Ortiz,8/6/2011,Wells Fargo Center,Philadelphia, Pennsylvania, U.S.,11583,
181,UFC Live: Hardy vs. Lytle,8/14/2011,Bradley Center,Milwaukee, Wisconsin, U.S.,6751,
182,UFC 134: Silva vs. Okami,8/27/2011,HSBC Arena,Rio de Janeiro,N/A, Brazil,14000,
183,UFC Fight Night: Shields vs. Ellenberger,9/17/2011,Ernest N. Morial Convention Center,New Orleans, Louisiana, U.S.,7112,
184,UFC 135: Jones vs. Rampage,9/24/2011,Pepsi Center,Denver, Colorado, U.S.,16344,
185,UFC Live: Cruz vs. Johnson,10/1/2011,Verizon Center,Washington, D.C., U.S.,9380,
186,UFC 136: Edgar vs. Maynard III,10/8/2011,Toyota Center,Houston, Texas, U.S.,16164,
187,UFC 137: Penn vs. Diaz,10/29/2011,Mandalay Bay Events Center,Las Vegas, Nevada, U.S.,10313,
188,UFC 138: Leben vs. Muñoz,11/5/2011,LG Arena,Birmingham, England, U.K.,10823,
189,UFC on Fox: Velasquez vs. dos Santos,11/12/2011,Honda Center,Anaheim, California, U.S.,11607,
190,UFC 139: Shogun vs. Henderson,11/19/2011,HP Pavilion,San Jose, California, U.S.,13832,
191,The Ultimate Fighter: Team Bisping vs. Team Miller Finale,12/3/2011,Palms Casino Resort,Las Vegas, Nevada, U.S.,1909,
192,UFC 140: Jones vs. Machida,12/10/2011,Air Canada Centre,Toronto, Ontario, Canada,18303,
193,UFC 141: Lesnar vs. Overeem,12/30/2011,MGM Grand Garden Arena,Las Vegas, Nevada, U.S.,13793,
194,UFC 142: Aldo vs. Mendes,1/14/2012,HSBC Arena,Rio de Janeiro,N/A, Brazil,10605,
195,UFC on FX: Guillard vs. Miller,1/20/2012,Bridgestone Arena,Nashville, Tennessee, U.S.,7728,
196,UFC on Fox: Evans vs. Davis,1/28/2012,United Center,Chicago, Illinois, U.S.,16963,
197,UFC 143: Diaz vs. Condit,2/4/2012,Mandalay Bay Events Center,Las Vegas, Nevada, U.S.,9015,
198,UFC on Fuel TV: Sanchez vs. Ellenberger,2/15/2012,Omaha Civic Auditorium,Omaha, Nebraska, U.S.,6283,
199,UFC 144: Edgar vs. Henderson,2/26/2012,Saitama Super Arena,Saitama,N/A, Japan,21000,
200,UFC on FX: Alves vs. Kampmann,3/3/2012,Allphones Arena,Sydney,N/A, Australia,14537,
201,UFC on Fuel TV: Gustafsson vs. Silva,4/14/2012,Ericsson Globe Arena,Stockholm,N/A, Sweden,15428,
202,UFC 145: Jones vs. Evans,4/21/2012,Philips Arena,Atlanta, Georgia, U.S.,15545,
203,UFC on Fox: Diaz vs. Miller,5/5/2012,IZOD Center,East Rutherford, New Jersey, U.S.,10788,
204,UFC on Fuel TV: Korean Zombie vs. Poirier,5/15/2012,Patriot Center,Fairfax, Virginia, U.S.,6668,
205,UFC 146: dos Santos vs. Mir,5/26/2012,MGM Grand Garden Arena,Las Vegas, Nevada, U.S.,14674,
206,The Ultimate Fighter: Live Finale,6/1/2012,Palms Casino Resort,Las Vegas, Nevada, U.S.,1628,
207,UFC on FX: Johnson vs. McCall,6/8/2012,BankAtlantic Center,Sunrise, Florida, U.S.,6635,
208,UFC on FX: Maynard vs. Guida,6/22/2012,Revel Casino Hotel,Atlantic City, New Jersey, U.S.,4652,
209,UFC 147: Silva vs. Franklin II,6/23/2012,Mineirinho Arena,Belo Horizonte,N/A, Brazil,16643,
210,UFC 148: Silva vs. Sonnen II,7/7/2012,MGM Grand Garden Arena,Las Vegas, Nevada, U.S.,15104,
211,UFC on Fuel TV: Muñoz vs. Weidman,7/11/2012,HP Pavilion,San Jose, California, U.S.,4250,
212,UFC 149: Faber vs. Barão,7/21/2012,Scotiabank Saddledome,Calgary, Alberta, Canada,16089,
213,UFC on Fox: Shogun vs. Vera,8/4/2012,Staples Center,Los Angeles, California, U.S.,16080,
214,UFC 150: Henderson vs. Edgar II,8/11/2012,Pepsi Center,Denver, Colorado, U.S.,13027,
215,UFC 152: Jones vs. Belfort,9/22/2012,Air Canada Centre,Toronto, Ontario, Canada,16800,
216,UFC on Fuel TV: Struve vs. Miocic,9/29/2012,Capital FM Arena,Nottingham, England, U.K.,7241,
217,UFC on FX: Browne vs. Bigfoot,10/5/2012,Target Center,Minneapolis, Minnesota, U.S.,7049,
218,UFC 153: Silva vs. Bonnar,10/13/2012,HSBC Arena,Rio de Janeiro,N/A, Brazil,16844,
219,UFC on Fuel TV: Franklin vs. Le,11/10/2012,CotaiArena,Macau, SAR, China,8415,
220,UFC 154: St-Pierre vs. Condit,11/17/2012,Bell Centre,Montreal, Quebec, Canada,17249,
221,UFC on Fox: Henderson vs. Diaz,12/8/2012,KeyArena,Seattle, Washington, U.S.,14387,
222,UFC on FX: Sotiropoulos vs. Pearson,12/15/2012,Gold Coast Convention and Exhibition Centre,Gold Coast,N/A, Australia,5133,
223,The Ultimate Fighter: Team Carwin vs. Team Nelson Finale,12/15/2012,Hard Rock Hotel and Casino,Las Vegas, Nevada, U.S.,2500,
224,UFC 155: dos Santos vs. Velasquez 2,12/29/2012,MGM Grand Garden Arena,Las Vegas, Nevada, U.S.,13561,
225,UFC on FX: Belfort vs. Bisping,1/19/2013,Ginásio do Ibirapuera,São Paulo,N/A, Brazil,9116,
226,UFC on Fox: Johnson vs. Dodson,1/26/2013,United Center,Chicago, Illinois, U.S.,16091,
227,UFC 156: Aldo vs. Edgar,2/2/2013,Mandalay Bay Events Center,Las Vegas, Nevada, U.S.,10275,
228,UFC on Fuel TV: Barão vs. McDonald,2/16/2013,Wembley Arena,London, England, U.K.,10349,
229,UFC 157: Rousey vs. Carmouche,2/23/2013,Honda Center,Anaheim, California, U.S.,13257,
230,UFC on Fuel TV: Silva vs. Stann,3/3/2013,Saitama Super Arena,Saitama,N/A, Japan,14682,
231,UFC 158: St-Pierre vs. Diaz,3/16/2013,Bell Centre,Montreal, Quebec, Canada,20145,
232,UFC on Fuel TV: Mousasi vs. Latifi,4/6/2013,Ericsson Globe Arena,Stockholm,N/A, Sweden,14506,
233,The Ultimate Fighter: Team Jones vs. Team Sonnen Finale,4/13/2013,Mandalay Bay Events Center,Las Vegas, Nevada, U.S.,5918,
234,UFC on Fox: Henderson vs. Melendez,4/20/2013,HP Pavilion,San Jose, California, U.S.,13506,
235,UFC 159: Jones vs. Sonnen,4/27/2013,Prudential Center,Newark, New Jersey, U.S.,15227,
236,UFC on FX: Belfort vs. Rockhold,5/18/2013,Arena Jaraguá,Jaraguá do Sul,N/A, Brazil,7642,
237,UFC 160: Velasquez vs. Bigfoot 2,5/25/2013,MGM Grand Garden Arena,Las Vegas, Nevada, U.S.,12380,
238,UFC on Fuel TV: Nogueira vs. Werdum,6/8/2013,Ginásio Paulo Sarasate,Fortaleza,N/A, Brazil,6286,
239,UFC 161: Evans vs. Henderson,6/15/2013,MTS Centre,Winnipeg, Manitoba, Canada,14754,
240,UFC 162: Silva vs. Weidman,7/6/2013,MGM Grand Garden Arena,Las Vegas, Nevada, U.S.,12964,
241,UFC on Fox: Johnson vs. Moraga,7/27/2013,KeyArena,Seattle, Washington, U.S.,8967,
242,UFC 163: Aldo vs. Korean Zombie,8/3/2013,HSBC Arena,Rio de Janeiro,N/A, Brazil,13873,
243,UFC Fight Night: Shogun vs. Sonnen,8/17/2013,TD Garden,Boston, Massachusetts, U.S.,14181,
244,UFC Fight Night: Condit vs. Kampmann 2,8/28/2013,Bankers Life Fieldhouse,Indianapolis, Indiana, U.S.,6417,
245,UFC 164: Henderson vs. Pettis,8/31/2013,BMO Harris Bradley Center,Milwaukee, Wisconsin, U.S.,9178,
246,UFC Fight Night: Teixeira vs. Bader,9/4/2013,Mineirinho Arena,Belo Horizonte,N/A, Brazil,5126,
247,UFC 165: Jones vs. Gustafsson,9/21/2013,Air Canada Centre,Toronto, Ontario, Canada,15504,
248,UFC Fight Night: Maia vs. Shields,10/9/2013,Ginásio José Corrêa,Barueri,N/A, Brazil,6621,
249,UFC 166: Velasquez vs. Dos Santos 3,10/19/2013,Toyota Center,Houston, Texas, U.S.,17238,
250,UFC Fight Night: Machida vs. Muñoz,10/26/2013,Phones 4u Arena,Manchester, England, U.K.,10355,
251,UFC: Fight for the Troops 3,11/6/2013,Fort Campbell,Fort Campbell, Kentucky, U.S.,N/A,
252,UFC Fight Night: Belfort vs. Henderson,11/9/2013,Goiânia Arena,Goiânia,N/A, Brazil,10565,
253,UFC 167: St-Pierre vs. Hendricks,11/16/2013,MGM Grand Garden Arena,Las Vegas, Nevada, U.S.,14856,
254,The Ultimate Fighter: Team Rousey vs. Team Tate Finale,11/30/2013,Mandalay Bay Events Center,Las Vegas, Nevada, U.S.,4853,
255,UFC Fight Night: Hunt vs. Bigfoot,12/7/2013,Brisbane Entertainment Centre,Brisbane,N/A, Australia,11393,
256,UFC on Fox: Johnson vs. Benavidez 2,12/14/2013,Sleep Train Arena,Sacramento, California, U.S.,11573,
257,UFC 168: Weidman vs. Silva 2,12/28/2013,MGM Grand Garden Arena,Las Vegas, Nevada, U.S.,15650,
258,UFC Fight Night: Saffiedine vs. Lim,1/4/2014,Marina Bay Sands,Marina Bay,N/A, Singapore,5216,
259,UFC Fight Night: Rockhold vs. Philippou,1/15/2014,Arena at Gwinnett Center,Duluth, Georgia, U.S.,5822,
260,UFC on Fox: Henderson vs. Thomson,1/25/2014,United Center,Chicago, Illinois, U.S.,10895,
261,UFC 169: Barão vs. Faber II,2/1/2014,Prudential Center,Newark, New Jersey, U.S.,14308,
262,UFC Fight Night: Machida vs. Mousasi,2/15/2014,Arena Jaraguá,Jaraguá do Sul,N/A, Brazil,7511,
263,UFC 170: Rousey vs. McMann,2/22/2014,Mandalay Bay Events Center,Las Vegas, Nevada, U.S.,10217,
264,The Ultimate Fighter China Finale: Kim vs. Hathaway,3/1/2014,CotaiArena,Macau, SAR, China,6000,
265,UFC Fight Night: Gustafsson vs. Manuwa,3/8/2014,The O2 Arena,London, England, U.K.,14604,
266,UFC 171: Hendricks vs. Lawler,3/15/2014,American Airlines Center,Dallas, Texas, U.S.,19324,
267,UFC Fight Night: Shogun vs. Henderson 2,3/23/2014,Ginásio Nélio Dias,Natal,N/A, Brazil,6828,
268,UFC Fight Night: Nogueira vs. Nelson,4/11/2014,du Arena,Abu Dhabi,N/A, United Arab Emirates,7963,
269,The Ultimate Fighter Nations Finale: Bisping vs. Kennedy,4/16/2014,Colisée Pepsi,Quebec City, Quebec, Canada,5029,
270,UFC on Fox: Werdum vs. Browne,4/19/2014,Amway Center,Orlando, Florida, U.S.,17000,
271,UFC 172: Jones vs. Teixeira,4/26/2014,Baltimore Arena,Baltimore, Maryland, U.S.,13485,
272,UFC Fight Night: Brown vs. Silva,5/10/2014,U.S. Bank Arena,Cincinnati, Ohio, U.S.,6143,
273,UFC 173: Barão vs. Dillashaw,5/24/2014,MGM Grand Garden Arena,Las Vegas, Nevada, U.S.,11036,
274,UFC Fight Night: Muñoz vs. Mousasi,5/31/2014,O2 World,Berlin,N/A, Germany,8000,
275,The Ultimate Fighter Brazil 3 Finale: Miocic vs. Maldonado,5/31/2014,Ginásio do Ibirapuera,São Paulo,N/A, Brazil,8986,
276,UFC Fight Night: Henderson vs. Khabilov,6/7/2014,Tingley Coliseum,Albuquerque, New Mexico, U.S.,8775,
277,UFC 174: Johnson vs. Bagautinov,6/14/2014,Rogers Arena,Vancouver, British Columbia, Canada,13506,
278,UFC Fight Night: Te Huna vs. Marquardt,6/28/2014,Vector Arena,Auckland,N/A, New Zealand,8089,
279,UFC Fight Night: Swanson vs. Stephens,6/28/2014,AT&T Center,San Antonio, Texas, U.S.,9227,
280,UFC 175: Weidman vs. Machida,7/5/2014,Mandalay Bay Events Center,Las Vegas, Nevada, U.S.,10088,
281,The Ultimate Fighter: Team Edgar vs. Team Penn Finale,7/6/2014,Mandalay Bay Events Center,Las Vegas, Nevada, U.S.,6500,
282,UFC Fight Night: Cerrone vs. Miller,7/16/2014,Revel Casino Hotel,Atlantic City, New Jersey, U.S.,4115,
283,UFC Fight Night: McGregor vs. Brandao,7/19/2014,The O2,Dublin,N/A, Ireland,9500,
284,UFC on Fox: Lawler vs. Brown,7/26/2014,SAP Center,San Jose, California, U.S.,11482,
285,UFC Fight Night: Bader vs. Saint Preux,8/16/2014,Cross Insurance Center,Bangor, Maine, U.S.,5329,
286,UFC Fight Night: Bisping vs. Le,8/23/2014,CotaiArena,Macau, SAR, China,7022,
287,UFC Fight Night: Henderson vs. dos Anjos,8/23/2014,BOK Center,Tulsa, Oklahoma, U.S.,7119,
288,UFC 177: Dillashaw vs. Soto,8/30/2014,Sleep Train Arena,Sacramento, California, U.S.,11100,
289,UFC Fight Night: Jacaré vs. Mousasi,9/5/2014,Foxwoods Resort Casino,Mashantucket, Connecticut, U.S.,4086,
290,UFC Fight Night: Bigfoot vs. Arlovski,9/13/2014,Ginásio Nilson Nelson,Brasília,N/A, Brazil,8822,
291,UFC Fight Night: Hunt vs. Nelson,9/20/2014,Saitama Super Arena,Saitama,N/A, Japan,12395,
292,UFC 178: Johnson vs. Cariaso,9/27/2014,MGM Grand Garden Arena,Las Vegas, Nevada, U.S.,10544,
293,UFC Fight Night: Nelson vs. Story,10/4/2014,Ericsson Globe Arena,Stockholm,N/A, Sweden,10026,
294,UFC Fight Night: MacDonald vs. Saffiedine,10/4/2014,Scotiabank Centre,Halifax, Nova Scotia, Canada,10782,
295,UFC 179: Aldo vs. Mendes 2,10/25/2014,Ginásio do Maracanãzinho,Rio de Janeiro,N/A, Brazil,11415,
296,UFC Fight Night: Rockhold vs. Bisping,11/8/2014,Allphones Arena,Sydney,N/A, Australia,9904,
297,UFC Fight Night: Shogun vs. Saint Preux,11/8/2014,Ginásio Municipal Tancredo Neves,Uberlândia,N/A, Brazil,5671,
298,UFC 180: Werdum vs. Hunt,11/15/2014,Arena Ciudad de México,Mexico City,N/A, Mexico,21000,
299,UFC Fight Night: Edgar vs. Swanson,11/22/2014,Frank Erwin Center,Austin, Texas, U.S.,10131,
300,UFC 181: Hendricks vs. Lawler II,12/6/2014,Mandalay Bay Events Center,Las Vegas, Nevada, U.S.,9617,
301,The Ultimate Fighter: A Champion Will Be Crowned Finale,12/12/2014,Palms Casino Resort,Las Vegas, Nevada, U.S.,1800,
302,UFC on Fox: dos Santos vs. Miocic,12/13/2014,Talking Stick Resort Arena,Phoenix, Arizona, U.S.,15300,
303,UFC Fight Night: Machida vs. Dollaway,12/20/2014,Ginásio José Corrêa,Barueri,N/A, Brazil,N/A,
304,UFC 182: Jones vs. Cormier,1/3/2015,MGM Grand Garden Arena,Las Vegas, Nevada, U.S.,11575,
305,UFC Fight Night: McGregor vs. Siver,1/18/2015,TD Garden,Boston, Massachusetts, U.S.,13828,
306,UFC on Fox: Gustafsson vs. Johnson,1/24/2015,Tele2 Arena,Stockholm,N/A, Sweden,30000,
307,UFC 183: Silva vs. Diaz,1/31/2015,MGM Grand Garden Arena,Las Vegas, Nevada, U.S.,13114,
308,UFC Fight Night: Henderson vs. Thatch,2/14/2015,1stBank Center,Broomfield, Colorado, U.S.,5807,
309,UFC Fight Night: Bigfoot vs. Mir,2/22/2015,Ginásio Gigantinho,Porto Alegre,N/A, Brazil,5080,
310,UFC 184: Rousey vs. Zingano,2/28/2015,Staples Center,Los Angeles, California, U.S.,17654,
311,UFC 185: Pettis vs. dos Anjos,3/14/2015,American Airlines Center,Dallas, Texas, U.S.,17160,
312,UFC Fight Night: Maia vs. LaFlare,3/21/2015,Ginásio do Maracanãzinho,Rio de Janeiro,N/A, Brazil,7707,
313,UFC Fight Night: Mendes vs. Lamas,4/4/2015,Patriot Center,Fairfax, Virginia, U.S.,5417,
314,UFC Fight Night: Gonzaga vs. Cro Cop 2,4/11/2015,Tauron Arena Kraków,Kraków,N/A, Poland,10000,
315,UFC on Fox: Machida vs. Rockhold,4/18/2015,Prudential Center,Newark, New Jersey, U.S.,13306,
316,UFC 186: Johnson vs. Horiguchi,4/25/2015,Bell Centre,Montreal, Quebec, Canada,10154,
317,UFC Fight Night: Miocic vs. Hunt,5/10/2015,Adelaide Entertainment Centre,Adelaide,N/A, Australia,7984,
318,UFC Fight Night: Edgar vs. Faber,5/16/2015,Mall of Asia Arena,Pasay,N/A, Philippines,13446,
319,UFC 187: Johnson vs. Cormier,5/23/2015,MGM Grand Garden Arena,Las Vegas, Nevada, U.S.,12615,
320,UFC Fight Night: Condit vs. Alves,5/30/2015,Goiânia Arena,Goiânia,N/A, Brazil,3500,
321,UFC Fight Night: Boetsch vs. Henderson,6/6/2015,Smoothie King Center,New Orleans, Louisiana, U.S.,6231,
322,UFC 188: Velasquez vs. Werdum,6/13/2015,Arena Ciudad de México,Mexico City,N/A, Mexico,21036,
323,UFC Fight Night: Jędrzejczyk vs. Penne,6/20/2015,O2 World,Berlin,N/A, Germany,8155,
324,UFC Fight Night: Machida vs. Romero,6/27/2015,Seminole Hard Rock Hotel and Casino,Hollywood, Florida, U.S.,5604,
325,UFC 189: Mendes vs. McGregor,7/11/2015,MGM Grand Garden Arena,Las Vegas, Nevada, U.S.,16019,
326,The Ultimate Fighter: American Top Team vs. Blackzilians Finale,7/12/2015,MGM Grand Garden Arena,Las Vegas, Nevada, U.S.,4844,
327,UFC Fight Night: Mir vs. Duffee,7/15/2015,Valley View Casino Center,San Diego, California, U.S.,5471,
328,UFC Fight Night: Bisping vs. Leites,7/18/2015,The SSE Hydro,Glasgow, Scotland, U.K.,10451,
329,UFC on Fox: Dillashaw vs. Barão 2,7/25/2015,United Center,Chicago, Illinois, U.S.,11663,
330,UFC 190: Rousey vs. Correia,8/1/2015,HSBC Arena,Rio de Janeiro,N/A, Brazil,14723,
331,UFC Fight Night: Teixeira vs. Saint Preux,8/8/2015,Bridgestone Arena,Nashville, Tennessee, U.S.,7539,
332,UFC Fight Night: Holloway vs. Oliveira,8/23/2015,SaskTel Centre,Saskatoon, Saskatchewan, Canada,7202,
333,UFC 191: Johnson vs. Dodson 2,9/5/2015,MGM Grand Garden Arena,Las Vegas, Nevada, U.S.,10873,
334,UFC Fight Night: Barnett vs. Nelson,9/27/2015,Saitama Super Arena,Saitama,N/A, Japan,10137,
335,UFC 192: Cormier vs. Gustafsson,10/3/2015,Toyota Center,Houston, Texas, U.S.,14622,
336,UFC Fight Night: Holohan vs. Smolka,10/24/2015,3Arena,Dublin,N/A, Ireland,9500,
337,UFC Fight Night: Belfort vs. Henderson 3,11/7/2015,Ginásio do Ibirapuera,São Paulo,N/A, Brazil,10628,
338,UFC 193: Rousey vs. Holm,11/15/2015,Etihad Stadium,Melbourne,N/A, Australia,56214,
339,The Ultimate Fighter Latin America 2 Finale: Magny vs. Gastelum,11/21/2015,Arena Monterrey,Monterrey,N/A, Mexico,10410,
340,UFC Fight Night: Henderson vs. Masvidal,11/28/2015,Olympic Gymnastics Arena,Seoul,N/A, South Korea,12156,
341,UFC Fight Night: Namajunas vs. VanZant,12/10/2015,The Chelsea at The Cosmopolitan,Las Vegas, Nevada, U.S.,1643,
342,The Ultimate Fighter: Team McGregor vs. Team Faber Finale,12/11/2015,The Chelsea at The Cosmopolitan,Las Vegas, Nevada, U.S.,2566,
343,UFC 194: Aldo vs. McGregor,12/12/2015,MGM Grand Garden Arena,Las Vegas, Nevada, U.S.,16516,
344,UFC on Fox: dos Anjos vs. Cerrone 2,12/19/2015,Amway Center,Orlando, Florida, U.S.,14459,
345,UFC 195: Lawler vs. Condit,1/2/2016,MGM Grand Garden Arena,Las Vegas, Nevada, U.S.,10300,
346,UFC Fight Night: Dillashaw vs. Cruz,1/17/2016,TD Garden,Boston, Massachusetts, U.S.,12022,
347,UFC on Fox: Johnson vs. Bader,1/30/2016,Prudential Center,Newark, New Jersey, U.S.,10555,
348,UFC Fight Night: Hendricks vs. Thompson,2/6/2016,MGM Grand Garden Arena,Las Vegas, Nevada, U.S.,7422,
349,UFC Fight Night: Cowboy vs. Cowboy,2/21/2016,Consol Energy Center,Pittsburgh, Pennsylvania, U.S.,7330,
350,UFC Fight Night: Silva vs. Bisping,2/27/2016,The O2 Arena,London, England, U.K.,16734,
351,UFC 196: McGregor vs. Diaz,3/5/2016,MGM Grand Garden Arena,Las Vegas, Nevada, U.S.,14898,
352,UFC Fight Night: Hunt vs. Mir,3/20/2016,Brisbane Entertainment Centre,Brisbane,N/A, Australia,9552,
353,UFC Fight Night: Rothwell vs. dos Santos,4/10/2016,Arena Zagreb,Zagreb,N/A, Croatia,13177,
354,UFC on Fox: Teixeira vs. Evans,4/16/2016,Amalie Arena,Tampa, Florida, U.S.,11273,
355,UFC 197: Jones vs. Saint Preux,4/23/2016,MGM Grand Garden Arena,Las Vegas, Nevada, U.S.,11352,
356,UFC Fight Night: Overeem vs. Arlovski,5/8/2016,Ahoy Rotterdam,Rotterdam,N/A, Netherlands,10421,
357,UFC 198: Werdum vs. Miocic,5/14/2016,Arena da Baixada,Curitiba,N/A, Brazil,45207,
358,UFC Fight Night: Almeida vs. Garbrandt,5/29/2016,Mandalay Bay Events Center,Las Vegas, Nevada, U.S.,5193,
359,UFC 199: Rockhold vs. Bisping 2,6/4/2016,The Forum,Inglewood, California, U.S.,15587,
360,UFC Fight Night: MacDonald vs. Thompson,6/18/2016,TD Place Arena,Ottawa, Ontario, Canada,10490,
361,UFC Fight Night: dos Anjos vs. Alvarez,7/7/2016,MGM Grand Garden Arena,Las Vegas, Nevada, U.S.,7760,
362,The Ultimate Fighter: Team Joanna vs. Team Cláudia Finale,7/8/2016,MGM Grand Garden Arena,Las Vegas, Nevada, U.S.,8115,
363,UFC 200: Tate vs. Nunes,7/9/2016,T-Mobile Arena,Las Vegas, Nevada, U.S.,18202,
364,UFC Fight Night: McDonald vs. Lineker,7/13/2016,Denny Sanford Premier Center,Sioux Falls, South Dakota, U.S.,5671,
365,UFC on Fox: Holm vs. Shevchenko,7/23/2016,United Center,Chicago, Illinois, U.S.,10287,
366,UFC 201: Lawler vs. Woodley,7/30/2016,Philips Arena,Atlanta, Georgia, U.S.,10240,
367,UFC Fight Night: Rodríguez vs. Caceres,8/6/2016,Vivint Smart Home Arena,Salt Lake City, Utah, U.S.,6689,
368,UFC 202: Diaz vs. McGregor 2,8/20/2016,T-Mobile Arena,Las Vegas, Nevada, U.S.,15539,
369,UFC on Fox: Maia vs. Condit,8/27/2016,Rogers Arena,Vancouver, British Columbia, Canada,10533,
370,UFC Fight Night: Arlovski vs. Barnett,9/3/2016,Barclaycard Arena,Hamburg,N/A, Germany,11763,
371,UFC 203: Miocic vs. Overeem,9/10/2016,Quicken Loans Arena,Cleveland, Ohio, U.S.,18875,
372,UFC Fight Night: Poirier vs. Johnson,9/17/2016,State Farm Arena,Hidalgo, Texas, U.S.,5624,
373,UFC Fight Night: Cyborg vs. Lansberg,9/24/2016,Ginásio Nilson Nelson,Brasília,N/A, Brazil,8410,
374,UFC Fight Night: Lineker vs. Dodson,10/1/2016,Moda Center,Portland, Oregon, U.S.,6240,
375,UFC 204: Bisping vs. Henderson 2,10/8/2016,Manchester Arena,Manchester, England, U.K.,16000,
376,The Ultimate Fighter Latin America 3 Finale: dos Anjos vs. Ferguson,11/5/2016,Arena Ciudad de México,Mexico City,N/A, Mexico,11460,
377,UFC 205: Alvarez vs. McGregor,11/12/2016,Madison Square Garden,New York City, New York, U.S.,20427,
378,UFC Fight Night: Mousasi vs. Hall 2,11/19/2016,The SSE Arena,Belfast, Northern Ireland, U.K.,7222,
379,UFC Fight Night: Bader vs. Nogueira 2,11/19/2016,Ginásio do Ibirapuera,São Paulo,N/A, Brazil,9028,
380,UFC Fight Night: Whittaker vs. Brunson,11/27/2016,Rod Laver Arena,Melbourne,N/A, Australia,13721,
381,The Ultimate Fighter: Tournament of Champions Finale,12/3/2016,Palms Casino Resort,Las Vegas, Nevada, U.S.,2044,
382,UFC Fight Night: Lewis vs. Abdurakhimov,12/9/2016,Times Union Center,Albany, New York, U.S.,6216,
383,UFC 206: Holloway vs. Pettis,12/10/2016,Air Canada Centre,Toronto, Ontario, Canada,18057,
384,UFC on Fox: VanZant vs. Waterson,12/17/2016,Golden 1 Center,Sacramento, California, U.S.,13136,
385,UFC 207: Nunes vs. Rousey,12/30/2016,T-Mobile Arena,Las Vegas, Nevada, U.S.,18533,
386,UFC Fight Night: Rodríguez vs. Penn,1/15/2017,Talking Stick Resort Arena,Phoenix, Arizona, U.S.,11589,
387,UFC on Fox: Shevchenko vs. Peña,1/28/2017,Pepsi Center,Denver, Colorado, U.S.,13233,
388,UFC Fight Night: Bermudez vs. Korean Zombie,2/4/2017,Toyota Center,Houston, Texas, U.S.,8119,
389,UFC 208: Holm vs. de Randamie,2/11/2017,Barclays Center,Brooklyn, New York, U.S.,15628,
390,UFC Fight Night: Lewis vs. Browne,2/19/2017,Scotiabank Centre,Halifax, Nova Scotia, Canada,8123,
391,UFC 209: Woodley vs. Thompson 2,3/4/2017,T-Mobile Arena,Las Vegas, Nevada, U.S.,13150,
392,UFC Fight Night: Belfort vs. Gastelum,3/11/2017,Centro de Formação Olímpica do Nordeste,Fortaleza,N/A, Brazil,14069,
393,UFC Fight Night: Manuwa vs. Anderson,3/18/2017,The O2 Arena,London, England, U.K.,15761,
394,UFC 210: Cormier vs. Johnson 2,4/8/2017,KeyBank Center,Buffalo, New York, U.S.,17110,
395,UFC on Fox: Johnson vs. Reis,4/15/2017,Sprint Center,Kansas City, Missouri, U.S.,12171,
396,UFC Fight Night: Swanson vs. Lobov,4/22/2017,Bridgestone Arena,Nashville, Tennessee, U.S.,10144,
397,UFC 211: Miocic vs. dos Santos 2,5/13/2017,American Airlines Center,Dallas, Texas, U.S.,17834,
398,UFC Fight Night: Gustafsson vs. Teixeira,5/28/2017,Ericsson Globe,Stockholm,N/A, Sweden,12668,
399,UFC 212: Aldo vs. Holloway,6/3/2017,Jeunesse Arena,Rio de Janeiro,N/A, Brazil,15412,
400,UFC Fight Night: Lewis vs. Hunt,6/11/2017,Spark Arena,Auckland,N/A, New Zealand,8649,
401,UFC Fight Night: Holm vs. Correia,6/17/2017,Singapore Indoor Stadium,Kallang,N/A, Singapore,8414,
402,UFC Fight Night: Chiesa vs. Lee,6/25/2017,Chesapeake Energy Arena,Oklahoma City, Oklahoma, U.S.,7605,
403,The Ultimate Fighter: Redemption Finale,7/7/2017,T-Mobile Arena,Las Vegas, Nevada, U.S.,6308,
404,UFC 213: Romero vs. Whittaker,7/8/2017,T-Mobile Arena,Las Vegas, Nevada, U.S.,12834,
405,UFC Fight Night: Nelson vs. Ponzinibbio,7/16/2017,The SSE Hydro,Glasgow, Scotland, U.K.,10589,
406,UFC on Fox: Weidman vs. Gastelum,7/22/2017,Nassau Veterans Memorial Coliseum,Uniondale, New York, U.S.,11198,
407,UFC 214: Cormier vs. Jones 2,7/29/2017,Honda Center,Anaheim, California, U.S.,16610,
408,UFC Fight Night: Pettis vs. Moreno,8/5/2017,Arena Ciudad de México,Mexico City,N/A, Mexico,10172,
409,UFC Fight Night: Volkov vs. Struve,9/2/2017,Ahoy Rotterdam,Rotterdam,N/A, Netherlands,10224,
410,UFC 215: Nunes vs. Shevchenko 2,9/9/2017,Rogers Place,Edmonton, Alberta, Canada,16232,
411,UFC Fight Night: Rockhold vs. Branch,9/16/2017,PPG Paints Arena,Pittsburgh, Pennsylvania, U.S.,7005,
412,UFC Fight Night: Saint Preux vs. Okami,9/23/2017,Saitama Super Arena,Saitama,N/A, Japan,8571,
413,UFC 216: Ferguson vs. Lee,10/7/2017,T-Mobile Arena,Las Vegas, Nevada, U.S.,10638,
414,UFC Fight Night: Cerrone vs. Till,10/21/2017,Ergo Arena,Gdańsk,N/A, Poland,11138,
415,UFC Fight Night: Brunson vs. Machida,10/28/2017,Ginásio do Ibirapuera,São Paulo,N/A, Brazil,10265,
416,UFC 217: Bisping vs. St-Pierre,11/4/2017,Madison Square Garden,New York City, New York, U.S.,18201,
417,UFC Fight Night: Poirier vs. Pettis,11/11/2017,Ted Constant Convocation Center,Norfolk, Virginia, U.S.,8442,
418,UFC Fight Night: Werdum vs. Tybura,11/19/2017,Qudos Bank Arena,Sydney,N/A, Australia,10021,
419,UFC Fight Night: Bisping vs. Gastelum,11/25/2017,Mercedes-Benz Arena,Shanghai,N/A, China,15128,
420,The Ultimate Fighter: A New World Champion Finale,12/1/2017,Park Theater,Las Vegas, Nevada, U.S,N/A,
421,UFC 218: Holloway vs. Aldo 2,12/2/2017,Little Caesars Arena,Detroit, Michigan, U.S.,17587,
422,UFC Fight Night: Swanson vs. Ortega,12/9/2017,Save Mart Center,Fresno, California, U.S.,7605,
423,UFC on Fox: Lawler vs. dos Anjos,12/16/2017,Bell MTS Place,Winnipeg, Manitoba, Canada,8862,
424,UFC 219: Cyborg vs. Holm,12/30/2017,T-Mobile Arena,Las Vegas, Nevada, U.S.,13561,
