Event,Date,Venue,City,State/Province,Country,Attendance,EVENT #,PPV,Explanation,Month,Year,Extra Notes
UFC 1: The Beginning,11/12/1993,McNichols Sports Arena,Denver, Colorado, U.S.,7800,UFC 1,Not Available,Pre-PPV,November,1993,
UFC 2: No Way Out,3/11/1994,Mammoth Gardens,Denver, Colorado, U.S.,2000,UFC 2,Not Available,Pre-PPV,March,1994,
UFC 3: The American Dream,9/9/1994,Grady Cole Center,Charlotte, North Carolina, U.S.,N/A,UFC 3,Not Available,Pre-PPV,September,1994,
UFC 4: Revenge of the Warriors,12/16/1994,Expo Square Pavilion,Tulsa, Oklahoma, U.S.,5857,UFC 4,Not Available,Pre-PPV,December,1994,
UFC 5: The Return of the Beast,4/7/1995,Independence Arena,Charlotte, North Carolina, U.S.,6000,UFC 5,Not Available,Pre-PPV,April,1995,
UFC 6: Clash of the Titans,7/14/1995,Casper Events Center,Casper, Wyoming, U.S.,2700,UFC 6,Not Available,Pre-PPV,July,1995,
UFC 7: The Brawl in Buffalo,9/8/1995,Buffalo Memorial Auditorium,Buffalo, New York, U.S.,9000,UFC 7,Not Available,Pre-PPV,September,1995,
UFC 8: David vs. Goliath,2/16/1996,Coliseo Rubén Rodríguez,Bayamón,N/A, Puerto Rico,13000,UFC 8,Not Available,Pre-PPV,February,1996,
UFC 9: Motor City Madness,5/17/1996,Cobo Arena,Detroit, Michigan, U.S.,10000,UFC 9,Not Available,Pre-PPV,May,1996,
UFC 10: The Tournament,7/12/1996,Fair Park Arena,Birmingham, Alabama, U.S.,4300,UFC 10,Not Available,Pre-PPV,July,1996,
UFC 11: The Proving Ground,9/20/1996,Augusta Civic Center,Augusta, Georgia, U.S.,4500,UFC 11,Not Available,Pre-PPV,September,1996,
UFC 12: Judgement Day,2/7/1997,Dothan Civic Center,Dothan, Alabama, U.S.,3100,UFC 12,Not Available,Pre-PPV,February,1997,
UFC 13: The Ultimate Force,5/30/1997,Augusta Civic Center,Augusta, Georgia, U.S.,5100,UFC 13,Not Available,Pre-PPV,May,1997,
UFC 14: Showdown,7/27/1997,Boutwell Memorial Auditorium,Birmingham, Alabama, U.S.,5000,UFC 14,Not Available,Pre-PPV,July,1997,
UFC 15: Collision Course,10/17/1997,Casino Magic Bay St. Louis,Bay St. Louis, Mississippi, U.S.,N/A,UFC 15,Not Available,Pre-PPV,October,1997,
UFC 16: Battle in the Bayou,3/13/1998,Pontchartrain Center,New Orleans, Louisiana, U.S.,4600,UFC 16,Not Available,Pre-PPV,March,1998,
UFC 17: Redemption,5/15/1998,Mobile Civic Center,Mobile, Alabama, U.S.,N/A,UFC 17,Not Available,Pre-PPV,May,1998,
UFC 18: The Road to the Heavyweight Title,1/8/1999,Pontchartrain Center,New Orleans, Louisiana, U.S.,N/A,UFC 18,Not Available,Pre-PPV,January,1999,
UFC 19: Ultimate Young Guns,3/5/1999,Casino Magic Bay St. Louis,Bay St. Louis, Mississippi, U.S.,N/A,UFC 19,Not Available,Pre-PPV,March,1999,
UFC 20: Battle for the Gold,5/7/1999,Boutwell Memorial Auditorium,Birmingham, Alabama, U.S.,N/A,UFC 20,Not Available,Pre-PPV,May,1999,
UFC 21: Return of the Champions,7/16/1999,Five Seasons Events Center,Cedar Rapids, Iowa, U.S.,N/A,UFC 21,Not Available,Pre-PPV,July,1999,
UFC 22: Only One Can be Champion,9/24/1999,Lake Charles Civic Center,Lake Charles, Louisiana, U.S.,N/A,UFC 22,Not Available,Pre-PPV,September,1999,
UFC 23: Ultimate Japan 2,11/19/1999,Tokyo Bay NK Hall,Chiba,N/A, Japan,N/A,UFC 23,Not Available,Pre-PPV,November,1999,
UFC 24: First Defense,3/10/2000,Lake Charles Civic Center,Lake Charles, Louisiana, U.S.,N/A,UFC 24,Not Available,Pre-PPV,March,2000,
UFC 25: Ultimate Japan 3,4/14/2000,Yoyogi National Gymnasium,Tokyo,N/A, Japan,N/A,UFC 25,Not Available,Pre-PPV,April,2000,
UFC 26: Ultimate Field of Dreams,6/9/2000,Five Seasons Events Center,Cedar Rapids, Iowa, U.S.,1100,UFC 26,Not Available,Pre-PPV,June,2000,
UFC 27: Ultimate Bad Boyz,9/22/2000,Lakefront Arena,New Orleans, Louisiana, U.S.,N/A,UFC 27,Not Available,Pre-PPV,September,2000,
UFC 28: High Stakes,11/17/2000,Trump Taj Mahal,Atlantic City, New Jersey, U.S.,N/A,UFC 28,Not Available,Pre-PPV,November,2000,
UFC 29: Defense of the Belts,12/16/2000,Differ Ariake Arena,Tokyo,N/A, Japan,1414,UFC 29,Not Available,Pre-PPV,December,2000,
UFC 30: Battle on the Boardwalk,2/23/2001,Trump Taj Mahal,Atlantic City, New Jersey, U.S.,3000,UFC 30,Not Available,Pre-PPV,February,2001,
UFC 31: Locked and Loaded,5/4/2001,Trump Taj Mahal,Atlantic City, New Jersey, U.S.,N/A,UFC 31,Not Available,Pre-PPV,May,2001,
UFC 32: Showdown in the Meadowlands,6/29/2001,Continental Airlines Arena,East Rutherford, New Jersey, U.S.,12500,UFC 32,Not Available,Pre-PPV,June,2001,
UFC 33: Victory in Vegas,9/28/2001,Mandalay Bay Events Center,Las Vegas, Nevada, U.S.,9500,UFC 33,75000,,September,2001,
UFC 34: High Voltage,11/2/2001,MGM Grand Garden Arena,Las Vegas, Nevada, U.S.,9000,UFC 34,65000,,November,2001,
UFC 35: Throwdown,1/11/2002,Mohegan Sun Arena,Uncasville, Connecticut, U.S.,9600,UFC 35,35000,,January,2002,
UFC 36: Worlds Collide,3/22/2002,MGM Grand Garden Arena,Las Vegas, Nevada, U.S.,10000,UFC 36,55000,,March,2002,
UFC 37: High Impact,5/10/2002,CenturyTel Center,Bossier City, Louisiana, U.S.,7200,UFC 37,50000,,May,2002,
UFC 38: Brawl at the Hall,7/13/2002,Royal Albert Hall,London, England, U.K.,5000,UFC 38,45000,,July,2002,
UFC 39: The Warriors Return,9/27/2002,Mohegan Sun Arena,Uncasville, Connecticut, U.S.,7800,UFC 39,45000,,September,2002,
UFC 40: Vendetta,11/22/2002,MGM Grand Garden Arena,Las Vegas, Nevada, U.S.,13770,UFC 40,100000,,November,2002,
UFC 41: Onslaught,2/28/2003,Boardwalk Hall,Atlantic City, New Jersey, U.S.,11707,UFC 41,60000,,February,2003,
UFC 42: Sudden Impact,4/25/2003,AmericanAirlines Arena,Miami, Florida, U.S.,7500,UFC 42,35000,,April,2003,
UFC 43: Meltdown,6/6/2003,Thomas & Mack Center,Las Vegas, Nevada, U.S.,9800,UFC 43,49000,,June,2003,
UFC 44: Undisputed,9/26/2003,Mandalay Bay Events Center,Las Vegas, Nevada, U.S.,10400,UFC 44,94000,,September,2003,
UFC 45: Revolution,11/21/2003,Mohegan Sun Arena,Uncasville, Connecticut, U.S.,9200,UFC 45,40000,,November,2003,
UFC 46: Supernatural,1/31/2004,Mandalay Bay Events Center,Las Vegas, Nevada, U.S.,10700,UFC 46,80000,,January,2004,
UFC 47: It's On!,4/2/2004,Mandalay Bay Events Center,Las Vegas, Nevada, U.S.,11437,UFC 47,105000,,April,2004,
UFC 48: Payback,6/19/2004,Mandalay Bay Events Center,Las Vegas, Nevada, U.S.,10000,UFC 48,110000,,June,2004,
UFC 49: Unfinished Business,8/21/2004,MGM Grand Garden Arena,Las Vegas, Nevada, U.S.,12100,UFC 49,80000,,August,2004,
UFC 50: The War of '04,10/22/2004,Boardwalk Hall,Atlantic City, New Jersey, U.S.,9000,UFC 50,40000,,October,2004,
UFC 51: Super Saturday,2/5/2005,Mandalay Bay Events Center,Las Vegas, Nevada, U.S.,11072,UFC 51,105000,,February,2005,
UFC 52: Couture vs. Liddell,4/16/2005,MGM Grand Garden Arena,Las Vegas, Nevada, U.S.,14562,UFC 52,280000,,April,2005,
UFC 53: Heavy Hitters,6/4/2005,Boardwalk Hall,Atlantic City, New Jersey, U.S.,12000,UFC 53,90000,,June,2005,
UFC 54: Boiling Point,8/20/2005,MGM Grand Garden Arena,Las Vegas, Nevada, U.S.,13520,UFC 54,150000,,August,2005,
UFC 55: Fury,10/7/2005,Mohegan Sun Arena,Uncasville, Connecticut, U.S.,8000,UFC 55,125000,,October,2005,
UFC 56: Full Force,11/19/2005,MGM Grand Garden Arena,Las Vegas, Nevada, U.S.,12000,UFC 56,200000,,November,2005,
UFC 57: Liddell vs. Couture 3,2/4/2006,Mandalay Bay Events Center,Las Vegas, Nevada, U.S.,10659,UFC 57,400000,,February,2006,
UFC 58: USA vs. Canada,3/4/2006,Mandalay Bay Events Center,Las Vegas, Nevada, U.S.,9569,UFC 58,300000,,March,2006,
UFC 59: Reality Check,4/15/2006,Arrowhead Pond of Anaheim,Anaheim, California, U.S.,13814,UFC 59,425000,,April,2006,
UFC 60: Hughes vs. Gracie,5/27/2006,Staples Center,Los Angeles, California, U.S.,14765,UFC 60,620000,,May,2006,
UFC 61: Bitter Rivals,7/8/2006,Mandalay Bay Events Center,Las Vegas, Nevada, U.S.,11167,UFC 61,775000,,July,2006,
UFC 62: Liddell vs. Sobral,8/26/2006,Mandalay Bay Events Center,Las Vegas, Nevada, U.S.,10503,UFC 62,500000,,August,2006,
UFC 63: Hughes vs. Penn,9/23/2006,Arrowhead Pond of Anaheim,Anaheim, California, U.S.,12604,UFC 63,400000,,September,2006,
UFC 64: Unstoppable,10/14/2006,Mandalay Bay Events Center,Las Vegas, Nevada, U.S.,10173,UFC 64,300000,,October,2006,
UFC 65: Bad Intentions,11/18/2006,ARCO Arena,Sacramento, California, U.S.,14666,UFC 65,500000,,November,2006,
UFC 66: Liddell vs. Ortiz,12/30/2006,MGM Grand Garden Arena,Las Vegas, Nevada, U.S.,13671,UFC 66,1050000,,December,2006,
UFC 67: All or Nothing,2/3/2007,Mandalay Bay Events Center,Las Vegas, Nevada, U.S.,10787,UFC 67,400000,,February,2007,
UFC 68: The Uprising,3/3/2007,Nationwide Arena,Columbus, Ohio, U.S.,19079,UFC 68,540000,,March,2007,
UFC 69: Shootout,4/7/2007,Toyota Center,Houston, Texas, U.S.,15269,UFC 69,400000,,April,2007,
UFC 70: Nations Collide,4/21/2007,Manchester Evening News Arena,Manchester, England, U.K.,15114,UFC 70,Not Available,,April,2007,
UFC 71: Liddell vs. Jackson,5/26/2007,MGM Grand Garden Arena,Las Vegas, Nevada, U.S.,14728,UFC 71,675000,,May,2007,
UFC 72: Victory,6/16/2007,The Odyssey,Belfast, Northern Ireland, U.K.,7850,UFC 72,200000,,June,2007,
UFC 73: Stacked,7/7/2007,ARCO Arena,Sacramento, California, U.S.,13183,UFC 73,425000,,July,2007,
UFC 74: Respect,8/25/2007,Mandalay Bay Events Center,Las Vegas, Nevada, U.S.,11065,UFC 74,520000,,August,2007,
UFC 75: Champion vs. Champion,9/8/2007,The O2 arena,London, England, U.K.,16235,UFC 75,Not Available,Not reported,September,2007,
UFC 76: Knockout,9/22/2007,Honda Center,Anaheim, California, U.S.,13770,UFC 76,475000,,September,2007,
UFC 77: Hostile Territory,10/20/2007,U.S. Bank Arena,Cincinnati, Ohio, U.S.,16054,UFC 77,325000,,October,2007,
UFC 78: Validation,11/17/2007,Prudential Center,Newark, New Jersey, U.S.,14071,UFC 78,325000,,November,2007,
UFC 79: Nemesis,12/29/2007,Mandalay Bay Events Center,Las Vegas, Nevada, U.S.,11075,UFC 79,650000,,December,2007,
UFC 80: Rapid Fire,1/19/2008,Metro Radio Arena,Newcastle upon Tyne, England, U.K.,8412,UFC 80,225000,,January,2008,
UFC 81: Breaking Point,2/2/2008,Mandalay Bay Events Center,Las Vegas, Nevada, U.S.,10583,UFC 81,600000,,February,2008,
UFC 82: Pride of a Champion,3/1/2008,Nationwide Arena,Columbus, Ohio, U.S.,16431,UFC 82,325000,,March,2008,
UFC 83: Serra vs. St-Pierre 2,4/19/2008,Bell Centre,Montreal, Quebec, Canada,21390,UFC 83,530000,,April,2008,
UFC 84: Ill Will,5/24/2008,MGM Grand Garden Arena,Las Vegas, Nevada, U.S.,14773,UFC 84,475000,,May,2008,
UFC 85: Bedlam,6/7/2008,The O2 arena,London, England, U.K.,15327,UFC 85,215000,,June,2008,
UFC 86: Jackson vs. Griffin,7/5/2008,Mandalay Bay Events Center,Las Vegas, Nevada, U.S.,10990,UFC 86,540000,,July,2008,
UFC 87: Seek and Destroy,8/9/2008,Target Center,Minneapolis, Minnesota, U.S.,15087,UFC 87,625000,,August,2008,
UFC 88: Breakthrough,9/6/2008,Philips Arena,Atlanta, Georgia, U.S.,14736,UFC 88,480000,,September,2008,
UFC 89: Bisping vs. Leben,10/18/2008,National Indoor Arena,Birmingham, England, U.K.,9515,UFC 89,Not Available,Not reported,October,2008,
UFC 90: Silva vs. Côté,10/25/2008,Allstate Arena,Rosemont, Illinois, U.S.,15359,UFC 90,300000,,October,2008,
UFC 91: Couture vs. Lesnar,11/15/2008,MGM Grand Garden Arena,Las Vegas, Nevada, U.S.,14272,UFC 91,1010000,,November,2008,
UFC 92: The Ultimate 2008,12/27/2008,MGM Grand Garden Arena,Las Vegas, Nevada, U.S.,14166,UFC 92,1000000,,December,2008,
UFC 93: Franklin vs. Henderson,1/17/2009,The O2,Dublin,N/A, Ireland,9369,UFC 93,350000,,January,2009,
UFC 94: St-Pierre vs. Penn 2,1/31/2009,MGM Grand Garden Arena,Las Vegas, Nevada, U.S.,14885,UFC 94,920000,,January,2009,
UFC 95: Sanchez vs. Stevenson,2/21/2009,The O2 arena,London, England, U.K.,13268,UFC 95,Not Available,Not reported,February,2009,
UFC 96: Jackson vs. Jardine,3/7/2009,Nationwide Arena,Columbus, Ohio, U.S.,17033,UFC 96,350000,,March,2009,
UFC 97: Redemption,4/18/2009,Bell Centre,Montreal, Quebec, Canada,21451,UFC 97,650000,,April,2009,
UFC 98: Evans vs. Machida,5/23/2009,MGM Grand Garden Arena,Las Vegas, Nevada, U.S.,12606,UFC 98,635000,,May,2009,
UFC 99: The Comeback,6/13/2009,Lanxess Arena,Cologne,N/A, Germany,12854,UFC 99,360000,,June,2009,
UFC 100,7/11/2009,Mandalay Bay Events Center,Las Vegas, Nevada, U.S.,10871,UFC 100,1600000,,July,2009,
UFC 101: Declaration,8/8/2009,Wachovia Center,Philadelphia, Pennsylvania, U.S.,17411,UFC 101,850000,,August,2009,
UFC 102: Couture vs. Nogueira,8/29/2009,Rose Garden,Portland, Oregon, U.S.,16088,UFC 102,435000,,August,2009,
UFC 103: Franklin vs. Belfort,9/19/2009,American Airlines Center,Dallas, Texas, U.S.,17428,UFC 103,375000,,September,2009,
UFC 104: Machida vs. Shogun,10/24/2009,Staples Center,Los Angeles, California, U.S.,14892,UFC 104,500000,,October,2009,
UFC 105: Couture vs. Vera,11/14/2009,Manchester Evening News Arena,Manchester, England, U.K.,16693,UFC 105,Not Available,Not reported,November,2009,
UFC 106: Ortiz vs. Griffin 2,11/21/2009,Mandalay Bay Events Center,Las Vegas, Nevada, U.S.,10529,UFC 106,375000,,November,2009,
UFC 107: Penn vs. Sanchez,12/12/2009,FedExForum,Memphis, Tennessee, U.S.,13896,UFC 107,620000,,December,2009,
UFC 108: Evans vs. Silva,1/2/2010,MGM Grand Garden Arena,Las Vegas, Nevada, U.S.,13529,UFC 108,300000,,January,2010,
UFC 109: Relentless,2/6/2010,Mandalay Bay Events Center,Las Vegas, Nevada, U.S.,10753,UFC 109,275000,,February,2010,
UFC 110: Nogueira vs. Velasquez,2/21/2010,Acer Arena,Sydney,N/A, Australia,17831,UFC 110,240000,,February,2010,
UFC 111: St-Pierre vs. Hardy,3/27/2010,Prudential Center,Newark, New Jersey, U.S.,17000,UFC 111,770000,,March,2010,
UFC 112: Invincible,4/10/2010,Yas Island,Abu Dhabi,N/A, United Arab Emirates,11008,UFC 112,500000,,April,2010,
UFC 113: Machida vs. Shogun 2,5/8/2010,Bell Centre,Montreal, Quebec, Canada,17647,UFC 113,520000,,May,2010,
UFC 114: Rampage vs. Evans,5/29/2010,MGM Grand Garden Arena,Las Vegas, Nevada, U.S.,14996,UFC 114,1000000,,May,2010,
UFC 115: Liddell vs. Franklin,6/12/2010,General Motors Place,Vancouver, British Columbia, Canada,17669,UFC 115,525000,,June,2010,
UFC 116: Lesnar vs. Carwin,7/3/2010,MGM Grand Garden Arena,Las Vegas, Nevada, U.S.,12740,UFC 116,1060000,,July,2010,
UFC 117: Silva vs. Sonnen,8/7/2010,Oracle Arena,Oakland, California, U.S.,12971,UFC 117,600000,,August,2010,
UFC 118: Edgar vs. Penn 2,8/28/2010,TD Garden,Boston, Massachusetts, U.S.,14168,UFC 118,535000,,August,2010,
UFC 119: Mir vs. Cro Cop,9/25/2010,Conseco Fieldhouse,Indianapolis, Indiana, U.S.,15811,UFC 119,295000,,September,2010,
UFC 120: Bisping vs. Akiyama,10/16/2010,The O2 arena,London, England, U.K.,17133,UFC 120,Not Available,Not reported,October,2010,
UFC 121: Lesnar vs. Velasquez,10/23/2010,Honda Center,Anaheim, California, U.S.,14856,UFC 121,900000,,October,2010,
UFC 122: Marquardt vs. Okami,11/13/2010,König Pilsener Arena,Oberhausen,N/A, Germany,8421,UFC 122,Not Available,Not reported,November,2010,
UFC 123: Rampage vs. Machida,11/20/2010,The Palace of Auburn Hills,Auburn Hills, Michigan, U.S.,16404,UFC 123,500000,,November,2010,
UFC 124: St-Pierre vs. Koscheck 2,12/11/2010,Bell Centre,Montreal, Quebec, Canada,23152,UFC 124,785000,,December,2010,
UFC 125: Resolution,1/1/2011,MGM Grand Garden Arena,Las Vegas, Nevada, U.S.,12874,UFC 125,260000,,January,2011,
UFC 126: Silva vs. Belfort,2/5/2011,Mandalay Bay Events Center,Las Vegas, Nevada, U.S.,10893,UFC 126,725000,,February,2011,
UFC 127: Penn vs. Fitch,2/27/2011,Acer Arena,Sydney,N/A, Australia,18186,UFC 127,260000,,February,2011,
UFC 128: Shogun vs. Jones,3/19/2011,Prudential Center,Newark, New Jersey, U.S.,12619,UFC 128,490000,,March,2011,
UFC 129: St-Pierre vs. Shields,4/30/2011,Rogers Centre,Toronto, Ontario, Canada,55724,UFC 129,800000,,April,2011,
UFC 130: Rampage vs. Hamill,5/28/2011,MGM Grand Garden Arena,Las Vegas, Nevada, U.S.,12753,UFC 130,325000,,May,2011,
UFC 131: dos Santos vs. Carwin,6/11/2011,Rogers Arena,Vancouver, British Columbia, Canada,14685,UFC 131,330000,,June,2011,
UFC 132: Cruz vs. Faber,7/2/2011,MGM Grand Garden Arena,Las Vegas, Nevada, U.S.,13109,UFC 132,320000,,July,2011,
UFC 133: Evans vs. Ortiz,8/6/2011,Wells Fargo Center,Philadelphia, Pennsylvania, U.S.,11583,UFC 133,310000,,August,2011,
UFC 134: Silva vs. Okami,8/27/2011,HSBC Arena,Rio de Janeiro,N/A, Brazil,14000,UFC 134,335000,,August,2011,
UFC 135: Jones vs. Rampage,9/24/2011,Pepsi Center,Denver, Colorado, U.S.,16344,UFC 135,520000,,September,2011,
UFC 136: Edgar vs. Maynard III,10/8/2011,Toyota Center,Houston, Texas, U.S.,16164,UFC 136,225000,,October,2011,
UFC 137: Penn vs. Diaz,10/29/2011,Mandalay Bay Events Center,Las Vegas, Nevada, U.S.,10313,UFC 137,280000,,October,2011,
UFC 138: Leben vs. Muñoz,11/5/2011,LG Arena,Birmingham, England, U.K.,10823,UFC 138,Not Available,Not reported,November,2011,UFC GETS A FOX DEAL
UFC 139: Shogun vs. Henderson,11/19/2011,HP Pavilion,San Jose, California, U.S.,13832,UFC 139,290000,,November,2011,
UFC 140: Jones vs. Machida,12/10/2011,Air Canada Centre,Toronto, Ontario, Canada,18303,UFC 140,480000,,December,2011,
UFC 141: Lesnar vs. Overeem,12/30/2011,MGM Grand Garden Arena,Las Vegas, Nevada, U.S.,13793,UFC 141,535000,,December,2011,
UFC 142: Aldo vs. Mendes,1/14/2012,HSBC Arena,Rio de Janeiro,N/A, Brazil,10605,UFC 142,215000,,January,2012,
UFC 143: Diaz vs. Condit,2/4/2012,Mandalay Bay Events Center,Las Vegas, Nevada, U.S.,9015,UFC 143,400000,,February,2012,
UFC 144: Edgar vs. Henderson,2/26/2012,Saitama Super Arena,Saitama,N/A, Japan,21000,UFC 144,325000,,February,2012,
UFC 145: Jones vs. Evans,4/21/2012,Philips Arena,Atlanta, Georgia, U.S.,15545,UFC 145,700000,,April,2012,
UFC 146: dos Santos vs. Mir,5/26/2012,MGM Grand Garden Arena,Las Vegas, Nevada, U.S.,14674,UFC 146,560000,,May,2012,
UFC 147: Silva vs. Franklin II,6/23/2012,Mineirinho Arena,Belo Horizonte,N/A, Brazil,16643,UFC 147,140000,,June,2012,
UFC 148: Silva vs. Sonnen II,7/7/2012,MGM Grand Garden Arena,Las Vegas, Nevada, U.S.,15104,UFC 148,925000,,July,2012,
UFC 149: Faber vs. Barão,7/21/2012,Scotiabank Saddledome,Calgary, Alberta, Canada,16089,UFC 149,230000,,July,2012,
UFC 150: Henderson vs. Edgar II,8/11/2012,Pepsi Center,Denver, Colorado, U.S.,13027,UFC 150,190000,,August,2012,
UFC 151: Jones vs. Henderson,9/1/2012,Mandalay Bay Events Center,Las Vegas,Nevada,U.S.,Not Available,UFC 151,Not Available,Cancelled,September,2012,
UFC 152: Jones vs. Belfort,9/22/2012,Air Canada Centre,Toronto, Ontario, Canada,16800,UFC 152,450000,,September,2012,
UFC 153: Silva vs. Bonnar,10/13/2012,HSBC Arena,Rio de Janeiro,N/A, Brazil,16844,UFC 153,410000,,October,2012,
UFC 154: St-Pierre vs. Condit,11/17/2012,Bell Centre,Montreal, Quebec, Canada,17249,UFC 154,700000,,November,2012,
UFC 155: dos Santos vs. Velasquez 2,12/29/2012,MGM Grand Garden Arena,Las Vegas, Nevada, U.S.,13561,UFC 155,590000,,December,2012,
UFC 156: Aldo vs. Edgar,2/2/2013,Mandalay Bay Events Center,Las Vegas, Nevada, U.S.,10275,UFC 156,330000,,February,2013,
UFC 157: Rousey vs. Carmouche,2/23/2013,Honda Center,Anaheim, California, U.S.,13257,UFC 157,450000,,February,2013,
UFC 158: St-Pierre vs. Diaz,3/16/2013,Bell Centre,Montreal, Quebec, Canada,20145,UFC 158,950000,,March,2013,
UFC 159: Jones vs. Sonnen,4/27/2013,Prudential Center,Newark, New Jersey, U.S.,15227,UFC 159,530000,,April,2013,
UFC 160: Velasquez vs. Bigfoot 2,5/25/2013,MGM Grand Garden Arena,Las Vegas, Nevada, U.S.,12380,UFC 160,380000,,May,2013,
UFC 161: Evans vs. Henderson,6/15/2013,MTS Centre,Winnipeg, Manitoba, Canada,14754,UFC 161,140000,,June,2013,
UFC 162: Silva vs. Weidman,7/6/2013,MGM Grand Garden Arena,Las Vegas, Nevada, U.S.,12964,UFC 162,550000,,July,2013,
UFC 163: Aldo vs. Korean Zombie,8/3/2013,HSBC Arena,Rio de Janeiro,N/A, Brazil,13873,UFC 163,180000,,August,2013,
UFC 164: Henderson vs. Pettis,8/31/2013,BMO Harris Bradley Center,Milwaukee, Wisconsin, U.S.,9178,UFC 164,270000,,August,2013,
UFC 165: Jones vs. Gustafsson,9/21/2013,Air Canada Centre,Toronto, Ontario, Canada,15504,UFC 165,310000,,September,2013,
UFC 166: Velasquez vs. Dos Santos 3,10/19/2013,Toyota Center,Houston, Texas, U.S.,17238,UFC 166,330000,,October,2013,
UFC 167: St-Pierre vs. Hendricks,11/16/2013,MGM Grand Garden Arena,Las Vegas, Nevada, U.S.,14856,UFC 167,630000,,November,2013,GSP RETIRES
UFC 168: Weidman vs. Silva 2,12/28/2013,MGM Grand Garden Arena,Las Vegas, Nevada, U.S.,15650,UFC 168,1025000,,December,2013,ANDERSON BREAKS HIS LEG
UFC 169: Barão vs. Faber II,2/1/2014,Prudential Center,Newark, New Jersey, U.S.,14308,UFC 169,230000,,February,2014,
UFC 170: Rousey vs. McMann,2/22/2014,Mandalay Bay Events Center,Las Vegas, Nevada, U.S.,10217,UFC 170,350000,,February,2014,
UFC 171: Hendricks vs. Lawler,3/15/2014,American Airlines Center,Dallas, Texas, U.S.,19324,UFC 171,300000,,March,2014,
UFC 172: Jones vs. Teixeira,4/26/2014,Baltimore Arena,Baltimore, Maryland, U.S.,13485,UFC 172,350000,,April,2014,
UFC 173: Barão vs. Dillashaw,5/24/2014,MGM Grand Garden Arena,Las Vegas, Nevada, U.S.,11036,UFC 173,215000,,May,2014,
UFC 174: Johnson vs. Bagautinov,6/14/2014,Rogers Arena,Vancouver, British Columbia, Canada,13506,UFC 174,115000,,June,2014,
UFC 175: Weidman vs. Machida,7/5/2014,Mandalay Bay Events Center,Las Vegas, Nevada, U.S.,10088,UFC 175,545000,,July,2014,
UFC 176: Aldo vs. Mendes II,8/2/2014,Staples Center,Los Angeles,Califoria,U.S.,Not Available,UFC 176,Not Available,Cancelled,August,2014,
UFC 177: Dillashaw vs. Soto,8/30/2014,Sleep Train Arena,Sacramento, California, U.S.,11100,UFC 177,125000,,August,2014,
UFC 178: Johnson vs. Cariaso,9/27/2014,MGM Grand Garden Arena,Las Vegas, Nevada, U.S.,10544,UFC 178,205000,,September,2014,
UFC 179: Aldo vs. Mendes 2,10/25/2014,Ginásio do Maracanãzinho,Rio de Janeiro,N/A, Brazil,11415,UFC 179,180000,,October,2014,
UFC 180: Werdum vs. Hunt,11/15/2014,Arena Ciudad de México,Mexico City,N/A, Mexico,21000,UFC 180,185000,,November,2014,
UFC 181: Hendricks vs. Lawler II,12/6/2014,Mandalay Bay Events Center,Las Vegas, Nevada, U.S.,9617,UFC 181,400000,,December,2014,
UFC 182: Jones vs. Cormier,1/3/2015,MGM Grand Garden Arena,Las Vegas, Nevada, U.S.,11575,UFC 182,800000,,January,2015,
UFC 183: Silva vs. Diaz,1/31/2015,MGM Grand Garden Arena,Las Vegas, Nevada, U.S.,13114,UFC 183,650000,,January,2015,
UFC 184: Rousey vs. Zingano,2/28/2015,Staples Center,Los Angeles, California, U.S.,17654,UFC 184,600000,,February,2015,
UFC 185: Pettis vs. dos Anjos,3/14/2015,American Airlines Center,Dallas, Texas, U.S.,17160,UFC 185,310000,,March,2015,
UFC 186: Johnson vs. Horiguchi,4/25/2015,Bell Centre,Montreal, Quebec, Canada,10154,UFC 186,125000,,April,2015,
UFC 187: Johnson vs. Cormier,5/23/2015,MGM Grand Garden Arena,Las Vegas, Nevada, U.S.,12615,UFC 187,375000,,May,2015,
UFC 188: Velasquez vs. Werdum,6/13/2015,Arena Ciudad de México,Mexico City,N/A, Mexico,21036,UFC 188,300000,,June,2015,
UFC 189: Mendes vs. McGregor,7/11/2015,MGM Grand Garden Arena,Las Vegas, Nevada, U.S.,16019,UFC 189,825000,,July,2015,
UFC 190: Rousey vs. Correia,8/1/2015,HSBC Arena,Rio de Janeiro,N/A, Brazil,14723,UFC 190,900000,,August,2015,
UFC 191: Johnson vs. Dodson 2,9/5/2015,MGM Grand Garden Arena,Las Vegas, Nevada, U.S.,10873,UFC 191,115000,,September,2015,
UFC 192: Cormier vs. Gustafsson,10/3/2015,Toyota Center,Houston, Texas, U.S.,14622,UFC 192,250000,,October,2015,
UFC 193: Rousey vs. Holm,11/15/2015,Etihad Stadium,Melbourne,N/A, Australia,56214,UFC 193,1100000,,November,2015,
UFC 194: Aldo vs. McGregor,12/12/2015,MGM Grand Garden Arena,Las Vegas, Nevada, U.S.,16516,UFC 194,1025000,,December,2015,
UFC 195: Lawler vs. Condit,1/2/2016,MGM Grand Garden Arena,Las Vegas, Nevada, U.S.,10300,UFC 195,300000,,January,2016,
UFC 196: McGregor vs. Diaz,3/5/2016,MGM Grand Garden Arena,Las Vegas, Nevada, U.S.,14898,UFC 196,1317000,,March,2016,
UFC 197: Jones vs. Saint Preux,4/23/2016,MGM Grand Garden Arena,Las Vegas, Nevada, U.S.,11352,UFC 197,322000,,April,2016,
UFC 198: Werdum vs. Miocic,5/14/2016,Arena da Baixada,Curitiba,N/A, Brazil,45207,UFC 198,217000,,May,2016,
UFC 199: Rockhold vs. Bisping 2,6/4/2016,The Forum,Inglewood, California, U.S.,15587,UFC 199,320000,,June,2016,
UFC 200: Tate vs. Nunes,7/9/2016,T-Mobile Arena,Las Vegas, Nevada, U.S.,18202,UFC 200,1009000,,July,2016,
UFC 201: Lawler vs. Woodley,7/30/2016,Philips Arena,Atlanta, Georgia, U.S.,10240,UFC 201,240000,,July,2016,
UFC 202: Diaz vs. McGregor 2,8/20/2016,T-Mobile Arena,Las Vegas, Nevada, U.S.,15539,UFC 202,1650000,,August,2016,
UFC 203: Miocic vs. Overeem,9/10/2016,Quicken Loans Arena,Cleveland, Ohio, U.S.,18875,UFC 203,450000,,September,2016,
UFC 204: Bisping vs. Henderson 2,10/8/2016,Manchester Arena,Manchester, England, U.K.,16000,UFC 204,290000,,October,2016,
UFC 205: Alvarez vs. McGregor,11/12/2016,Madison Square Garden,New York City, New York, U.S.,20427,UFC 205,1300000,,November,2016,
UFC 206: Holloway vs. Pettis,12/10/2016,Air Canada Centre,Toronto, Ontario, Canada,18057,UFC 206,150000,,December,2016,
UFC 207: Nunes vs. Rousey,12/30/2016,T-Mobile Arena,Las Vegas, Nevada, U.S.,18533,UFC 207,1100000,,December,2016,
UFC 208: Holm vs. de Randamie,2/11/2017,Barclays Center,Brooklyn, New York, U.S.,15628,UFC 208,200000,,February,2017,
UFC 209: Woodley vs. Thompson 2,3/4/2017,T-Mobile Arena,Las Vegas, Nevada, U.S.,13150,UFC 209,300000,,March,2017,
UFC 210: Cormier vs. Johnson 2,4/8/2017,KeyBank Center,Buffalo, New York, U.S.,17110,UFC 210,300000,,April,2017,
UFC 211: Miocic vs. dos Santos 2,5/13/2017,American Airlines Center,Dallas, Texas, U.S.,17834,UFC 211,300000,,May,2017,
UFC 212: Aldo vs. Holloway,6/3/2017,Jeunesse Arena,Rio de Janeiro,N/A, Brazil,15412,UFC 212,167000,,June,2017,
UFC 213: Romero vs. Whittaker,7/8/2017,T-Mobile Arena,Las Vegas, Nevada, U.S.,12834,UFC 213,150000,,July,2017,
UFC 214: Cormier vs. Jones 2,7/29/2017,Honda Center,Anaheim, California, U.S.,16610,UFC 214,850000,,July,2017,
UFC 215: Nunes vs. Shevchenko 2,9/9/2017,Rogers Place,Edmonton, Alberta, Canada,16232,UFC 215,100000,,September,2017,
UFC 216: Ferguson vs. Lee,10/7/2017,T-Mobile Arena,Las Vegas, Nevada, U.S.,10638,UFC 216,120000,,October,2017,
UFC 217: Bisping vs. St-Pierre,11/4/2017,Madison Square Garden,New York City, New York, U.S.,18201,UFC 217,875000,,November,2017,
UFC 218: Holloway vs. Aldo 2,12/2/2017,Little Caesars Arena,Detroit, Michigan, U.S.,17587,UFC 218,230000,,December,2017,
UFC 219: Cyborg vs. Holm,12/30/2017,T-Mobile Arena,Las Vegas, Nevada, U.S.,13561,UFC 219,360000,Not reported,December,2017,Estimated between 340K - 380K buys
